Date,S&P Price,Return
"1,871.01",4.44,
"1,871.02",4.5,0.0135135135135134
"1,871.03",4.61,0.0244444444444445
"1,871.04",4.74,0.03
"1,871.05",4.86,0.03
"1,871.06",4.82,-0.01
"1,871.07",4.73,-0.02
"1,871.08",4.79,0.01
"1,871.09",4.84,0.01
"1,871.1",4.59,-0.05
"1,871.11",4.64,0.01
"1,871.12",4.74,0.02
"1,872.01",4.86,0.03
"1,872.02",4.88,0.00
"1,872.03",5.04,0.03
"1,872.04",5.18,0.03
"1,872.05",5.18,0.00
"1,872.06",5.13,-0.01
"1,872.07",5.1,-0.00584795321637432
"1,872.08",5.04,-0.0117647058823529
"1,872.09",4.95,-0.02
"1,872.1",4.97,0.00
"1,872.11",4.95,-0.00
"1,872.12",5.07,0.02
"1,873.01",5.11,0.01
"1,873.02",5.15,0.01
"1,873.03",5.11,-0.01
"1,873.04",5.04,-0.01
"1,873.05",5.05,0.00
"1,873.06",4.98,-0.01
"1,873.07",4.97,-0.00
"1,873.08",4.97,0.00
"1,873.09",4.59,-0.08
"1,873.1",4.19,-0.09
"1,873.11",4.04,-0.04
"1,873.12",4.42,0.09
"1,874.01",4.66,0.05
"1,874.02",4.8,0.0300429184549356
"1,874.03",4.73,-0.0145833333333332
"1,874.04",4.6,-0.0274841437632137
"1,874.05",4.48,-0.026086956521739
"1,874.06",4.46,-0.00
"1,874.07",4.46,0.00
"1,874.08",4.47,0.00
"1,874.09",4.54,0.02
"1,874.1",4.53,-0.00
"1,874.11",4.57,0.01
"1,874.12",4.54,-0.01
"1,875.01",4.54,0.00
"1,875.02",4.53,-0.00
"1,875.03",4.59,0.01
"1,875.04",4.65,0.01
"1,875.05",4.47,-0.04
"1,875.06",4.38,-0.02
"1,875.07",4.39,0.00
"1,875.08",4.41,0.00
"1,875.09",4.37,-0.01
"1,875.1",4.3,-0.0160183066361557
"1,875.11",4.37,0.016279069767442
"1,875.12",4.37,0.00
"1,876.01",4.46,0.02
"1,876.02",4.52,0.01
"1,876.03",4.51,-0.00
"1,876.04",4.34,-0.04
"1,876.05",4.18,-0.04
"1,876.06",4.15,-0.01
"1,876.07",4.1,-0.0120481927710845
"1,876.08",3.93,-0.0414634146341463
"1,876.09",3.69,-0.06
"1,876.1",3.67,-0.01
"1,876.11",3.6,-0.0190735694822888
"1,876.12",3.58,-0.00555555555555554
"1,877.01",3.55,-0.01
"1,877.02",3.34,-0.06
"1,877.03",3.17,-0.05
"1,877.04",2.94,-0.07
"1,877.05",2.94,0.00
"1,877.06",2.73,-0.07
"1,877.07",2.85,0.04
"1,877.08",3.05,0.07
"1,877.09",3.24,0.06
"1,877.1",3.31,0.02
"1,877.11",3.26,-0.02
"1,877.12",3.25,-0.00
"1,878.01",3.25,0.00
"1,878.02",3.18,-0.02
"1,878.03",3.24,0.02
"1,878.04",3.33,0.03
"1,878.05",3.34,0.00
"1,878.06",3.41,0.02
"1,878.07",3.48,0.02
"1,878.08",3.45,-0.01
"1,878.09",3.52,0.02
"1,878.1",3.48,-0.01
"1,878.11",3.47,-0.00
"1,878.12",3.45,-0.01
"1,879.01",3.58,0.04
"1,879.02",3.71,0.04
"1,879.03",3.65,-0.02
"1,879.04",3.77,0.03
"1,879.05",3.94,0.05
"1,879.06",3.96,0.01
"1,879.07",4.04,0.02
"1,879.08",4.07,0.01
"1,879.09",4.22,0.04
"1,879.1",4.68,0.11
"1,879.11",4.93,0.05
"1,879.12",4.92,-0.00
"1,880.01",5.11,0.04
"1,880.02",5.2,0.0176125244618395
"1,880.03",5.3,0.0
"1,880.04",5.18,-0.0226415094339623
"1,880.05",4.77,-0.08
"1,880.06",4.79,0.00
"1,880.07",5.01,0.05
"1,880.08",5.19,0.04
"1,880.09",5.18,-0.00
"1,880.1",5.33,0.03
"1,880.11",5.61,0.05
"1,880.12",5.84,0.04
"1,881.01",6.19,0.06
"1,881.02",6.17,-0.00
"1,881.03",6.24,0.01
"1,881.04",6.22,-0.00
"1,881.05",6.5,0.045016077170418
"1,881.06",6.58,0.0123076923076924
"1,881.07",6.35,-0.03
"1,881.08",6.2,-0.0236220472440944
"1,881.09",6.25,0.00806451612903225
"1,881.1",6.15,-0.02
"1,881.11",6.19,0.01
"1,881.12",6.01,-0.03
"1,882.01",5.92,-0.01
"1,882.02",5.79,-0.02
"1,882.03",5.78,-0.00
"1,882.04",5.78,0.00
"1,882.05",5.71,-0.01
"1,882.06",5.68,-0.01
"1,882.07",6,0.06
"1,882.08",6.18,0.03
"1,882.09",6.24,0.01
"1,882.1",6.07,-0.03
"1,882.11",5.81,-0.04
"1,882.12",5.84,0.01
"1,883.01",5.81,-0.01
"1,883.02",5.68,-0.02
"1,883.03",5.75,0.01
"1,883.04",5.87,0.02
"1,883.05",5.77,-0.02
"1,883.06",5.82,0.01
"1,883.07",5.73,-0.02
"1,883.08",5.47,-0.05
"1,883.09",5.53,0.01
"1,883.1",5.38,-0.03
"1,883.11",5.46,0.01
"1,883.12",5.34,-0.02
"1,884.01",5.18,-0.03
"1,884.02",5.32,0.03
"1,884.03",5.3,-0.00375939849624074
"1,884.04",5.06,-0.0452830188679245
"1,884.05",4.65,-0.08
"1,884.06",4.46,-0.04
"1,884.07",4.46,0.00
"1,884.08",4.74,0.06
"1,884.09",4.59,-0.03
"1,884.1",4.44,-0.03
"1,884.11",4.35,-0.02
"1,884.12",4.34,-0.00
"1,885.01",4.24,-0.02
"1,885.02",4.37,0.03
"1,885.03",4.38,0.00
"1,885.04",4.37,-0.00
"1,885.05",4.32,-0.01
"1,885.06",4.3,-0.00462962962962976
"1,885.07",4.46,0.0372093023255815
"1,885.08",4.71,0.06
"1,885.09",4.65,-0.01
"1,885.1",4.92,0.06
"1,885.11",5.24,0.07
"1,885.12",5.2,-0.00763358778625955
"1,886.01",5.2,0.0
"1,886.02",5.3,0.0
"1,886.03",5.19,-0.020754716981132
"1,886.04",5.12,-0.01
"1,886.05",5.02,-0.02
"1,886.06",5.25,0.05
"1,886.07",5.33,0.02
"1,886.08",5.37,0.01
"1,886.09",5.51,0.03
"1,886.1",5.65,0.03
"1,886.11",5.79,0.02
"1,886.12",5.64,-0.03
"1,887.01",5.58,-0.01
"1,887.02",5.54,-0.01
"1,887.03",5.67,0.02
"1,887.04",5.8,0.0229276895943562
"1,887.05",5.9,0.0
"1,887.06",5.73,-0.0288135593220339
"1,887.07",5.59,-0.02
"1,887.08",5.45,-0.03
"1,887.09",5.38,-0.01
"1,887.1",5.2,-0.033457249070632
"1,887.11",5.3,0.0
"1,887.12",5.27,-0.00566037735849056
"1,888.01",5.31,0.01
"1,888.02",5.28,-0.01
"1,888.03",5.08,-0.04
"1,888.04",5.1,0.00393700787401574
"1,888.05",5.17,0.0137254901960784
"1,888.06",5.01,-0.03
"1,888.07",5.14,0.03
"1,888.08",5.25,0.02
"1,888.09",5.38,0.02
"1,888.1",5.35,-0.01
"1,888.11",5.24,-0.02
"1,888.12",5.14,-0.02
"1,889.01",5.24,0.02
"1,889.02",5.3,0.0114503816793892
"1,889.03",5.19,-0.020754716981132
"1,889.04",5.18,-0.00
"1,889.05",5.32,0.03
"1,889.06",5.41,0.02
"1,889.07",5.3,-0.0203327171903882
"1,889.08",5.37,0.0132075471698114
"1,889.09",5.5,0.0242085661080074
"1,889.1",5.4,-0.0
"1,889.11",5.35,-0.00925925925925941
"1,889.12",5.32,-0.01
"1,890.01",5.38,0.01
"1,890.02",5.32,-0.01
"1,890.03",5.28,-0.01
"1,890.04",5.39,0.02
"1,890.05",5.62,0.04
"1,890.06",5.58,-0.01
"1,890.07",5.54,-0.01
"1,890.08",5.41,-0.02
"1,890.09",5.32,-0.02
"1,890.1",5.08,-0.05
"1,890.11",4.71,-0.07
"1,890.12",4.6,-0.0233545647558387
"1,891.01",4.84,0.0521739130434784
"1,891.02",4.9,0.0123966942148761
"1,891.03",4.81,-0.0183673469387756
"1,891.04",4.97,0.03
"1,891.05",4.95,-0.00
"1,891.06",4.85,-0.02
"1,891.07",4.77,-0.02
"1,891.08",4.93,0.03
"1,891.09",5.33,0.08
"1,891.1",5.33,0.00
"1,891.11",5.25,-0.02
"1,891.12",5.41,0.03
"1,892.01",5.51,0.02
"1,892.02",5.52,0.00
"1,892.03",5.58,0.01
"1,892.04",5.57,-0.00
"1,892.05",5.57,0.00
"1,892.06",5.54,-0.01
"1,892.07",5.54,0.00
"1,892.08",5.62,0.01
"1,892.09",5.48,-0.02
"1,892.1",5.59,0.02
"1,892.11",5.57,-0.00
"1,892.12",5.51,-0.01
"1,893.01",5.61,0.02
"1,893.02",5.51,-0.02
"1,893.03",5.31,-0.04
"1,893.04",5.31,0.00
"1,893.05",4.84,-0.09
"1,893.06",4.61,-0.05
"1,893.07",4.18,-0.09
"1,893.08",4.08,-0.02
"1,893.09",4.37,0.07
"1,893.1",4.5,0.0297482837528604
"1,893.11",4.57,0.0155555555555555
"1,893.12",4.41,-0.04
"1,894.01",4.32,-0.02
"1,894.02",4.38,0.01
"1,894.03",4.51,0.03
"1,894.04",4.57,0.01
"1,894.05",4.4,-0.037199124726477
"1,894.06",4.34,-0.0136363636363638
"1,894.07",4.25,-0.02
"1,894.08",4.41,0.04
"1,894.09",4.48,0.02
"1,894.1",4.34,-0.03
"1,894.11",4.34,0.00
"1,894.12",4.3,-0.00921658986175111
"1,895.01",4.25,-0.0116279069767441
"1,895.02",4.19,-0.01
"1,895.03",4.19,0.00
"1,895.04",4.37,0.04
"1,895.05",4.61,0.05
"1,895.06",4.7,0.019522776572668
"1,895.07",4.72,0.00425531914893607
"1,895.08",4.79,0.01
"1,895.09",4.82,0.01
"1,895.1",4.75,-0.01
"1,895.11",4.59,-0.03
"1,895.12",4.32,-0.06
"1,896.01",4.27,-0.01
"1,896.02",4.45,0.04
"1,896.03",4.38,-0.02
"1,896.04",4.42,0.01
"1,896.05",4.4,-0.00452488687782793
"1,896.06",4.32,-0.0181818181818182
"1,896.07",4.04,-0.06
"1,896.08",3.81,-0.06
"1,896.09",4.01,0.05
"1,896.1",4.1,0.0224438902743143
"1,896.11",4.38,0.0682926829268293
"1,896.12",4.22,-0.04
"1,897.01",4.22,0.00
"1,897.02",4.18,-0.01
"1,897.03",4.19,0.00
"1,897.04",4.06,-0.03
"1,897.05",4.08,0.00
"1,897.06",4.27,0.05
"1,897.07",4.46,0.04
"1,897.08",4.75,0.07
"1,897.09",4.98,0.05
"1,897.1",4.82,-0.03
"1,897.11",4.65,-0.04
"1,897.12",4.75,0.02
"1,898.01",4.88,0.03
"1,898.02",4.87,-0.00
"1,898.03",4.65,-0.05
"1,898.04",4.57,-0.02
"1,898.05",4.87,0.07
"1,898.06",5.06,0.04
"1,898.07",5.08,0.00
"1,898.08",5.27,0.04
"1,898.09",5.26,-0.00
"1,898.1",5.15,-0.02
"1,898.11",5.32,0.03
"1,898.12",5.65,0.06
"1,899.01",6.08,0.08
"1,899.02",6.31,0.04
"1,899.03",6.4,0.0142630744849446
"1,899.04",6.48,0.0125
"1,899.05",6.21,-0.04
"1,899.06",6.07,-0.02
"1,899.07",6.28,0.03
"1,899.08",6.44,0.03
"1,899.09",6.37,-0.01
"1,899.1",6.34,-0.00
"1,899.11",6.46,0.02
"1,899.12",6.02,-0.07
"1,900.01",6.1,0.0132890365448506
"1,900.02",6.21,0.0180327868852459
"1,900.03",6.26,0.01
"1,900.04",6.34,0.01
"1,900.05",6.04,-0.05
"1,900.06",5.86,-0.03
"1,900.07",5.86,0.00
"1,900.08",5.94,0.01
"1,900.09",5.8,-0.0235690235690237
"1,900.1",6.01,0.0362068965517242
"1,900.11",6.48,0.08
"1,900.12",6.87,0.06
"1,901.01",7.07,0.03
"1,901.02",7.25,0.03
"1,901.03",7.51,0.04
"1,901.04",8.14,0.08
"1,901.05",7.73,-0.05
"1,901.06",8.5,0.0996119016817594
"1,901.07",7.93,-0.0670588235294118
"1,901.08",8.04,0.01
"1,901.09",8,-0.00
"1,901.1",7.91,-0.01
"1,901.11",8.08,0.02
"1,901.12",7.95,-0.02
"1,902.01",8.12,0.02
"1,902.02",8.19,0.01
"1,902.03",8.2,0.00122100122100122
"1,902.04",8.48,0.0341463414634149
"1,902.05",8.46,-0.00
"1,902.06",8.41,-0.01
"1,902.07",8.6,0.0225921521997621
"1,902.08",8.83,0.0267441860465116
"1,902.09",8.85,0.00
"1,902.1",8.57,-0.03
"1,902.11",8.24,-0.04
"1,902.12",8.05,-0.02
"1,903.01",8.46,0.05
"1,903.02",8.41,-0.01
"1,903.03",8.08,-0.04
"1,903.04",7.75,-0.04
"1,903.05",7.6,-0.0193548387096775
"1,903.06",7.18,-0.0552631578947368
"1,903.07",6.85,-0.05
"1,903.08",6.63,-0.03
"1,903.09",6.47,-0.02
"1,903.1",6.26,-0.03
"1,903.11",6.28,0.00
"1,903.12",6.57,0.05
"1,904.01",6.68,0.02
"1,904.02",6.5,-0.0269461077844311
"1,904.03",6.48,-0.00307692307692298
"1,904.04",6.64,0.02
"1,904.05",6.5,-0.0210843373493975
"1,904.06",6.51,0.00153846153846149
"1,904.07",6.78,0.04
"1,904.08",7.01,0.03
"1,904.09",7.32,0.04
"1,904.1",7.75,0.06
"1,904.11",8.17,0.05
"1,904.12",8.25,0.01
"1,905.01",8.43,0.02
"1,905.02",8.8,0.0438908659549231
"1,905.03",9.05,0.0284090909090908
"1,905.04",8.94,-0.01
"1,905.05",8.5,-0.0492170022371364
"1,905.06",8.6,0.0
"1,905.07",8.87,0.0313953488372092
"1,905.08",9.2,0.0372040586245772
"1,905.09",9.23,0.00326086956521743
"1,905.1",9.36,0.01
"1,905.11",9.31,-0.01
"1,905.12",9.54,0.02
"1,906.01",9.87,0.03
"1,906.02",9.8,-0.00709219858156018
"1,906.03",9.56,-0.0244897959183674
"1,906.04",9.43,-0.01
"1,906.05",9.18,-0.03
"1,906.06",9.3,0.0130718954248368
"1,906.07",9.06,-0.0258064516129033
"1,906.08",9.73,0.07
"1,906.09",10.03,0.03
"1,906.1",9.73,-0.03
"1,906.11",9.93,0.02
"1,906.12",9.84,-0.01
"1,907.01",9.56,-0.03
"1,907.02",9.26,-0.03
"1,907.03",8.35,-0.10
"1,907.04",8.39,0.00
"1,907.05",8.1,-0.0345649582836711
"1,907.06",7.84,-0.0320987654320988
"1,907.07",8.14,0.04
"1,907.08",7.53,-0.07
"1,907.09",7.45,-0.01
"1,907.1",6.64,-0.11
"1,907.11",6.25,-0.06
"1,907.12",6.57,0.05
"1,908.01",6.85,0.04
"1,908.02",6.6,-0.0364963503649635
"1,908.03",6.87,0.040909090909091
"1,908.04",7.24,0.05
"1,908.05",7.63,0.05
"1,908.06",7.64,0.00
"1,908.07",7.92,0.04
"1,908.08",8.26,0.04
"1,908.09",8.17,-0.01
"1,908.1",8.27,0.01
"1,908.11",8.83,0.07
"1,908.12",9.03,0.02
"1,909.01",9.06,0.00
"1,909.02",8.8,-0.0286975717439293
"1,909.03",8.92,0.0136363636363634
"1,909.04",9.32,0.04
"1,909.05",9.63,0.03
"1,909.06",9.8,0.0176531671858775
"1,909.07",9.94,0.0142857142857142
"1,909.08",10.18,0.02
"1,909.09",10.19,0.00
"1,909.1",10.23,0.00
"1,909.11",10.18,-0.00
"1,909.12",10.3,0.0117878192534382
"1,910.01",10.08,-0.021359223300971
"1,910.02",9.72,-0.04
"1,910.03",9.96,0.02
"1,910.04",9.72,-0.02
"1,910.05",9.56,-0.02
"1,910.06",9.1,-0.0481171548117155
"1,910.07",8.64,-0.0505494505494505
"1,910.08",8.85,0.02
"1,910.09",8.91,0.01
"1,910.1",9.32,0.05
"1,910.11",9.31,-0.00
"1,910.12",9.05,-0.03
"1,911.01",9.27,0.02
"1,911.02",9.43,0.02
"1,911.03",9.32,-0.01
"1,911.04",9.28,-0.00
"1,911.05",9.48,0.02
"1,911.06",9.67,0.02
"1,911.07",9.63,-0.00
"1,911.08",9.17,-0.05
"1,911.09",8.67,-0.05
"1,911.1",8.72,0.01
"1,911.11",9.07,0.04
"1,911.12",9.11,0.00
"1,912.01",9.12,0.00
"1,912.02",9.04,-0.01
"1,912.03",9.3,0.0287610619469028
"1,912.04",9.59,0.0311827956989246
"1,912.05",9.58,-0.00
"1,912.06",9.58,0.00
"1,912.07",9.59,0.00
"1,912.08",9.81,0.02
"1,912.09",9.86,0.01
"1,912.1",9.84,-0.00
"1,912.11",9.73,-0.01
"1,912.12",9.38,-0.04
"1,913.01",9.3,-0.00852878464818763
"1,913.02",8.97,-0.035483870967742
"1,913.03",8.8,-0.0189520624303233
"1,913.04",8.79,-0.00113636363636382
"1,913.05",8.55,-0.03
"1,913.06",8.12,-0.05
"1,913.07",8.23,0.01
"1,913.08",8.45,0.03
"1,913.09",8.53,0.01
"1,913.1",8.26,-0.03
"1,913.11",8.05,-0.03
"1,913.12",8.04,-0.00
"1,914.01",8.37,0.04
"1,914.02",8.48,0.01
"1,914.03",8.32,-0.02
"1,914.04",8.12,-0.02
"1,914.05",8.17,0.01
"1,914.06",8.13,-0.00
"1,914.07",7.68,-0.06
"1,914.08",7.68,0.00
"1,914.09",7.68,0.00
"1,914.1",7.68,0.00
"1,914.11",7.68,0.00
"1,914.12",7.35,-0.04
"1,915.01",7.48,0.02
"1,915.02",7.38,-0.01
"1,915.03",7.57,0.03
"1,915.04",8.14,0.08
"1,915.05",7.95,-0.02
"1,915.06",8.04,0.01
"1,915.07",8.01,-0.00
"1,915.08",8.35,0.04
"1,915.09",8.66,0.04
"1,915.1",9.14,0.06
"1,915.11",9.46,0.04
"1,915.12",9.48,0.00
"1,916.01",9.33,-0.02
"1,916.02",9.2,-0.0139335476956056
"1,916.03",9.17,-0.00326086956521732
"1,916.04",9.07,-0.01
"1,916.05",9.27,0.02
"1,916.06",9.36,0.01
"1,916.07",9.23,-0.01
"1,916.08",9.3,0.00758396533044414
"1,916.09",9.68,0.0408602150537634
"1,916.1",9.98,0.03
"1,916.11",10.21,0.02
"1,916.12",9.8,-0.0401567091087169
"1,917.01",9.57,-0.0234693877551021
"1,917.02",9.03,-0.06
"1,917.03",9.31,0.03
"1,917.04",9.17,-0.02
"1,917.05",8.86,-0.03
"1,917.06",9.04,0.02
"1,917.07",8.79,-0.03
"1,917.08",8.53,-0.03
"1,917.09",8.12,-0.05
"1,917.1",7.68,-0.05
"1,917.11",7.04,-0.08
"1,917.12",6.8,-0.0340909090909092
"1,918.01",7.21,0.0602941176470588
"1,918.02",7.43,0.03
"1,918.03",7.28,-0.02
"1,918.04",7.21,-0.01
"1,918.05",7.44,0.03
"1,918.06",7.45,0.00
"1,918.07",7.51,0.01
"1,918.08",7.58,0.01
"1,918.09",7.54,-0.01
"1,918.1",7.86,0.04
"1,918.11",8.06,0.03
"1,918.12",7.9,-0.0198511166253101
"1,919.01",7.85,-0.00632911392405078
"1,919.02",7.88,0.00
"1,919.03",8.12,0.03
"1,919.04",8.39,0.03
"1,919.05",8.97,0.07
"1,919.06",9.21,0.03
"1,919.07",9.51,0.03
"1,919.08",8.87,-0.07
"1,919.09",9.01,0.02
"1,919.1",9.47,0.05
"1,919.11",9.19,-0.03
"1,919.12",8.92,-0.03
"1,920.01",8.83,-0.01
"1,920.02",8.1,-0.0826727066817667
"1,920.03",8.67,0.0703703703703704
"1,920.04",8.6,-0.00807381776239913
"1,920.05",8.06,-0.0627906976744185
"1,920.06",7.92,-0.02
"1,920.07",7.91,-0.00
"1,920.08",7.6,-0.0391908975979773
"1,920.09",7.87,0.0355263157894739
"1,920.1",7.88,0.00
"1,920.11",7.48,-0.05
"1,920.12",6.81,-0.09
"1,921.01",7.11,0.04
"1,921.02",7.06,-0.01
"1,921.03",6.88,-0.03
"1,921.04",6.91,0.00
"1,921.05",7.12,0.03
"1,921.06",6.55,-0.08
"1,921.07",6.53,-0.00
"1,921.08",6.45,-0.01
"1,921.09",6.61,0.02
"1,921.1",6.7,0.0136157337367624
"1,921.11",7.06,0.053731343283582
"1,921.12",7.31,0.04
"1,922.01",7.3,-0.00136798905608748
"1,922.02",7.46,0.021917808219178
"1,922.03",7.74,0.04
"1,922.04",8.21,0.06
"1,922.05",8.53,0.04
"1,922.06",8.45,-0.01
"1,922.07",8.51,0.01
"1,922.08",8.83,0.04
"1,922.09",9.06,0.03
"1,922.1",9.26,0.02
"1,922.11",8.8,-0.0496760259179264
"1,922.12",8.78,-0.00227272727272743
"1,923.01",8.9,0.0136674259681095
"1,923.02",9.28,0.0426966292134829
"1,923.03",9.43,0.02
"1,923.04",9.1,-0.0349946977730647
"1,923.05",8.67,-0.0472527472527472
"1,923.06",8.34,-0.04
"1,923.07",8.06,-0.03
"1,923.08",8.1,0.00496277915632737
"1,923.09",8.15,0.00617283950617287
"1,923.1",8.03,-0.01
"1,923.11",8.27,0.03
"1,923.12",8.55,0.03
"1,924.01",8.83,0.03
"1,924.02",8.87,0.00
"1,924.03",8.7,-0.0191657271702368
"1,924.04",8.5,-0.0
"1,924.05",8.47,-0.00352941176470578
"1,924.06",8.63,0.02
"1,924.07",9.03,0.05
"1,924.08",9.34,0.03
"1,924.09",9.25,-0.01
"1,924.1",9.13,-0.01
"1,924.11",9.64,0.06
"1,924.12",10.16,0.05
"1,925.01",10.58,0.04
"1,925.02",10.67,0.01
"1,925.03",10.39,-0.03
"1,925.04",10.28,-0.01
"1,925.05",10.61,0.03
"1,925.06",10.8,0.0179076343072575
"1,925.07",11.1,0.0
"1,925.08",11.25,0.0135135135135136
"1,925.09",11.51,0.02
"1,925.1",11.89,0.03
"1,925.11",12.26,0.03
"1,925.12",12.46,0.02
"1,926.01",12.65,0.02
"1,926.02",12.67,0.00
"1,926.03",11.81,-0.07
"1,926.04",11.48,-0.03
"1,926.05",11.56,0.01
"1,926.06",12.11,0.05
"1,926.07",12.62,0.04
"1,926.08",13.12,0.04
"1,926.09",13.32,0.02
"1,926.1",13.02,-0.02
"1,926.11",13.19,0.01
"1,926.12",13.49,0.02
"1,927.01",13.4,-0.00667160859896221
"1,927.02",13.66,0.0194029850746269
"1,927.03",13.87,0.02
"1,927.04",14.21,0.02
"1,927.05",14.7,0.0344827586206895
"1,927.06",14.89,0.0129251700680273
"1,927.07",15.22,0.02
"1,927.08",16.03,0.05
"1,927.09",16.94,0.06
"1,927.1",16.68,-0.02
"1,927.11",17.06,0.02
"1,927.12",17.46,0.02
"1,928.01",17.53,0.00
"1,928.02",17.32,-0.01
"1,928.03",18.25,0.05
"1,928.04",19.4,0.0630136986301368
"1,928.05",20,0.0
"1,928.06",19.02,-0.05
"1,928.07",19.16,0.01
"1,928.08",19.78,0.03
"1,928.09",21.17,0.07
"1,928.1",21.6,0.0203117619272555
"1,928.11",23.06,0.0675925925925924
"1,928.12",23.15,0.00
"1,929.01",24.86,0.07
"1,929.02",24.99,0.01
"1,929.03",25.43,0.02
"1,929.04",25.28,-0.01
"1,929.05",25.66,0.02
"1,929.06",26.15,0.02
"1,929.07",28.48,0.09
"1,929.08",30.1,0.0568820224719102
"1,929.09",31.3,0.0
"1,929.1",27.99,-0.105750798722045
"1,929.11",20.58,-0.26
"1,929.12",21.4,0.0398445092322643
"1,930.01",21.71,0.0144859813084113
"1,930.02",23.07,0.06
"1,930.03",23.94,0.04
"1,930.04",25.46,0.06
"1,930.05",23.94,-0.06
"1,930.06",21.52,-0.10
"1,930.07",21.06,-0.02
"1,930.08",20.79,-0.01
"1,930.09",20.78,-0.00
"1,930.1",17.92,-0.14
"1,930.11",16.62,-0.07
"1,930.12",15.51,-0.07
"1,931.01",15.98,0.03
"1,931.02",17.2,0.0763454317897372
"1,931.03",17.53,0.019186046511628
"1,931.04",15.86,-0.10
"1,931.05",14.33,-0.10
"1,931.06",13.87,-0.03
"1,931.07",14.33,0.03
"1,931.08",13.9,-0.0300069783670621
"1,931.09",11.83,-0.148920863309353
"1,931.1",10.25,-0.13
"1,931.11",10.39,0.01
"1,931.12",8.44,-0.19
"1,932.01",8.3,-0.0165876777251184
"1,932.02",8.23,-0.00843373493975907
"1,932.03",8.26,0.00
"1,932.04",6.28,-0.24
"1,932.05",5.51,-0.12
"1,932.06",4.77,-0.13
"1,932.07",5.01,0.05
"1,932.08",7.53,0.50
"1,932.09",8.26,0.10
"1,932.1",7.12,-0.14
"1,932.11",7.05,-0.01
"1,932.12",6.82,-0.03
"1,933.01",7.09,0.04
"1,933.02",6.25,-0.12
"1,933.03",6.23,-0.00
"1,933.04",6.89,0.11
"1,933.05",8.87,0.29
"1,933.06",10.39,0.17
"1,933.07",11.23,0.08
"1,933.08",10.67,-0.05
"1,933.09",10.58,-0.01
"1,933.1",9.55,-0.10
"1,933.11",9.78,0.02
"1,933.12",9.97,0.02
"1,934.01",10.54,0.06
"1,934.02",11.32,0.07
"1,934.03",10.74,-0.05
"1,934.04",10.92,0.02
"1,934.05",9.81,-0.10
"1,934.06",9.94,0.01
"1,934.07",9.47,-0.05
"1,934.08",9.1,-0.0390707497360085
"1,934.09",8.88,-0.0241758241758241
"1,934.1",8.95,0.01
"1,934.11",9.2,0.0279329608938548
"1,934.12",9.26,0.00652173913043486
"1,935.01",9.26,0.00
"1,935.02",8.98,-0.03
"1,935.03",8.41,-0.06
"1,935.04",9.04,0.07
"1,935.05",9.75,0.08
"1,935.06",10.12,0.04
"1,935.07",10.65,0.05
"1,935.08",11.37,0.07
"1,935.09",11.61,0.02
"1,935.1",11.92,0.03
"1,935.11",13.04,0.09
"1,935.12",13.04,0.00
"1,936.01",13.76,0.06
"1,936.02",14.55,0.06
"1,936.03",14.86,0.02
"1,936.04",14.88,0.00
"1,936.05",14.09,-0.05
"1,936.06",14.69,0.04
"1,936.07",15.56,0.06
"1,936.08",15.87,0.02
"1,936.09",16.05,0.01
"1,936.1",16.89,0.05
"1,936.11",17.36,0.03
"1,936.12",17.06,-0.02
"1,937.01",17.59,0.03
"1,937.02",18.11,0.03
"1,937.03",18.09,-0.00
"1,937.04",17.01,-0.06
"1,937.05",16.25,-0.04
"1,937.06",15.64,-0.04
"1,937.07",16.57,0.06
"1,937.08",16.74,0.01
"1,937.09",14.37,-0.14
"1,937.1",12.28,-0.15
"1,937.11",11.2,-0.0879478827361564
"1,937.12",11.02,-0.0160714285714285
"1,938.01",11.31,0.03
"1,938.02",11.04,-0.02
"1,938.03",10.31,-0.07
"1,938.04",9.89,-0.04
"1,938.05",9.98,0.01
"1,938.06",10.21,0.02
"1,938.07",12.24,0.20
"1,938.08",12.31,0.01
"1,938.09",11.75,-0.05
"1,938.1",13.06,0.11
"1,938.11",13.07,0.00
"1,938.12",12.69,-0.03
"1,939.01",12.5,-0.0149724192277383
"1,939.02",12.4,-0.0
"1,939.03",12.39,-0.000806451612903158
"1,939.04",10.83,-0.13
"1,939.05",11.23,0.04
"1,939.06",11.43,0.02
"1,939.07",11.71,0.02
"1,939.08",11.54,-0.01
"1,939.09",12.77,0.11
"1,939.1",12.9,0.01018010963195
"1,939.11",12.67,-0.0178294573643412
"1,939.12",12.37,-0.02
"1,940.01",12.3,-0.00565885206143879
"1,940.02",12.22,-0.00650406504065038
"1,940.03",12.15,-0.01
"1,940.04",12.27,0.01
"1,940.05",10.58,-0.14
"1,940.06",9.67,-0.09
"1,940.07",9.99,0.03
"1,940.08",10.2,0.0210210210210209
"1,940.09",10.63,0.0421568627450981
"1,940.1",10.73,0.01
"1,940.11",10.98,0.02
"1,940.12",10.53,-0.04
"1,941.01",10.55,0.00
"1,941.02",9.89,-0.06
"1,941.03",9.95,0.01
"1,941.04",9.64,-0.03
"1,941.05",9.43,-0.02
"1,941.06",9.76,0.03
"1,941.07",10.26,0.05
"1,941.08",10.21,-0.00
"1,941.09",10.24,0.00
"1,941.1",9.83,-0.04
"1,941.11",9.37,-0.05
"1,941.12",8.76,-0.07
"1,942.01",8.93,0.02
"1,942.02",8.65,-0.03
"1,942.03",8.18,-0.05
"1,942.04",7.84,-0.04
"1,942.05",7.93,0.01
"1,942.06",8.33,0.05
"1,942.07",8.64,0.04
"1,942.08",8.59,-0.01
"1,942.09",8.68,0.01
"1,942.1",9.32,0.07
"1,942.11",9.47,0.02
"1,942.12",9.52,0.01
"1,943.01",10.09,0.06
"1,943.02",10.69,0.06
"1,943.03",11.07,0.04
"1,943.04",11.44,0.03
"1,943.05",11.89,0.04
"1,943.06",12.1,0.0176619007569385
"1,943.07",12.35,0.0206611570247934
"1,943.08",11.74,-0.05
"1,943.09",11.99,0.02
"1,943.1",11.88,-0.01
"1,943.11",11.33,-0.05
"1,943.12",11.48,0.01
"1,944.01",11.85,0.03
"1,944.02",11.77,-0.01
"1,944.03",12.1,0.0280373831775702
"1,944.04",11.89,-0.0173553719008264
"1,944.05",12.1,0.0176619007569385
"1,944.06",12.67,0.0471074380165291
"1,944.07",13,0.03
"1,944.08",12.81,-0.01
"1,944.09",12.6,-0.0163934426229508
"1,944.1",12.91,0.0246031746031747
"1,944.11",12.82,-0.01
"1,944.12",13.1,0.0218408736349454
"1,945.01",13.49,0.0297709923664122
"1,945.02",13.94,0.03
"1,945.03",13.93,-0.00
"1,945.04",14.28,0.03
"1,945.05",14.82,0.04
"1,945.06",15.09,0.02
"1,945.07",14.78,-0.02
"1,945.08",14.83,0.00
"1,945.09",15.84,0.07
"1,945.1",16.5,0.0416666666666667
"1,945.11",17.04,0.0327272727272727
"1,945.12",17.33,0.02
"1,946.01",18.02,0.04
"1,946.02",18.07,0.00
"1,946.03",17.53,-0.03
"1,946.04",18.66,0.06
"1,946.05",18.7,0.00214362272240076
"1,946.06",18.58,-0.00641711229946529
"1,946.07",18.05,-0.03
"1,946.08",17.7,-0.0193905817174516
"1,946.09",15.09,-0.147457627118644
"1,946.1",14.75,-0.02
"1,946.11",14.69,-0.00
"1,946.12",15.13,0.03
"1,947.01",15.21,0.01
"1,947.02",15.8,0.0387902695595004
"1,947.03",15.16,-0.040506329113924
"1,947.04",14.6,-0.0369393139841689
"1,947.05",14.34,-0.0178082191780822
"1,947.06",14.84,0.03
"1,947.07",15.77,0.06
"1,947.08",15.46,-0.02
"1,947.09",15.06,-0.03
"1,947.1",15.45,0.03
"1,947.11",15.27,-0.01
"1,947.12",15.03,-0.02
"1,948.01",14.83,-0.01
"1,948.02",14.1,-0.0492245448415375
"1,948.03",14.3,0.0
"1,948.04",15.4,0.1
"1,948.05",16.15,0.0487012987012987
"1,948.06",16.82,0.04
"1,948.07",16.42,-0.02
"1,948.08",15.94,-0.03
"1,948.09",15.76,-0.01
"1,948.1",16.19,0.03
"1,948.11",15.29,-0.06
"1,948.12",15.19,-0.01
"1,949.01",15.36,0.01
"1,949.02",14.77,-0.04
"1,949.03",14.91,0.01
"1,949.04",14.89,-0.00
"1,949.05",14.78,-0.01
"1,949.06",13.97,-0.05
"1,949.07",14.76,0.06
"1,949.08",15.29,0.04
"1,949.09",15.49,0.01
"1,949.1",15.89,0.03
"1,949.11",16.11,0.01
"1,949.12",16.54,0.03
"1,950.01",16.88,0.02
"1,950.02",17.21,0.02
"1,950.03",17.35,0.01
"1,950.04",17.84,0.03
"1,950.05",18.44,0.03
"1,950.06",18.74,0.02
"1,950.07",17.38,-0.07
"1,950.08",18.43,0.06
"1,950.09",19.08,0.04
"1,950.1",19.87,0.04
"1,950.11",19.83,-0.00
"1,950.12",19.75,-0.00
"1,951.01",21.21,0.07
"1,951.02",22,0.04
"1,951.03",21.63,-0.02
"1,951.04",21.92,0.01
"1,951.05",21.93,0.00
"1,951.06",21.55,-0.02
"1,951.07",21.93,0.02
"1,951.08",22.89,0.04
"1,951.09",23.48,0.03
"1,951.1",23.36,-0.01
"1,951.11",22.71,-0.03
"1,951.12",23.41,0.03
"1,952.01",24.19,0.03
"1,952.02",23.75,-0.02
"1,952.03",23.81,0.00
"1,952.04",23.74,-0.00
"1,952.05",23.73,-0.00
"1,952.06",24.38,0.03
"1,952.07",25.08,0.03
"1,952.08",25.18,0.00
"1,952.09",24.78,-0.02
"1,952.1",24.26,-0.02
"1,952.11",25.03,0.03
"1,952.12",26.04,0.04
"1,953.01",26.18,0.01
"1,953.02",25.86,-0.01
"1,953.03",25.99,0.01
"1,953.04",24.71,-0.05
"1,953.05",24.84,0.01
"1,953.06",23.95,-0.04
"1,953.07",24.29,0.01
"1,953.08",24.39,0.00
"1,953.09",23.27,-0.05
"1,953.1",23.97,0.03
"1,953.11",24.5,0.0221109720483939
"1,953.12",24.83,0.013469387755102
"1,954.01",25.46,0.03
"1,954.02",26.02,0.02
"1,954.03",26.57,0.02
"1,954.04",27.63,0.04
"1,954.05",28.73,0.04
"1,954.06",28.96,0.01
"1,954.07",30.13,0.04
"1,954.08",30.73,0.02
"1,954.09",31.45,0.02
"1,954.1",32.18,0.02
"1,954.11",33.44,0.04
"1,954.12",34.97,0.05
"1,955.01",35.6,0.0180154418072633
"1,955.02",36.79,0.0334269662921347
"1,955.03",36.5,-0.00788257678717041
"1,955.04",37.76,0.0345205479452053
"1,955.05",37.6,-0.0042372881355931
"1,955.06",39.78,0.0579787234042553
"1,955.07",42.69,0.07
"1,955.08",42.43,-0.01
"1,955.09",44.34,0.05
"1,955.1",42.11,-0.05
"1,955.11",44.95,0.07
"1,955.12",45.37,0.01
"1,956.01",44.15,-0.03
"1,956.02",44.43,0.01
"1,956.03",47.49,0.07
"1,956.04",48.05,0.01
"1,956.05",46.54,-0.03
"1,956.06",46.27,-0.01
"1,956.07",48.78,0.05
"1,956.08",48.49,-0.01
"1,956.09",46.84,-0.03
"1,956.1",46.24,-0.01
"1,956.11",45.76,-0.01
"1,956.12",46.44,0.01
"1,957.01",45.43,-0.02
"1,957.02",43.47,-0.04
"1,957.03",44.03,0.01
"1,957.04",45.05,0.02
"1,957.05",46.78,0.04
"1,957.06",47.55,0.02
"1,957.07",48.51,0.02
"1,957.08",45.84,-0.06
"1,957.09",43.98,-0.04
"1,957.1",41.24,-0.06
"1,957.11",40.35,-0.02
"1,957.12",40.33,-0.00
"1,958.01",41.12,0.02
"1,958.02",41.26,0.00
"1,958.03",42.11,0.02
"1,958.04",42.34,0.01
"1,958.05",43.7,0.0321209258384507
"1,958.06",44.75,0.0240274599542334
"1,958.07",45.98,0.03
"1,958.08",47.7,0.0374075685080471
"1,958.09",48.96,0.0264150943396226
"1,958.1",50.95,0.04
"1,958.11",52.5,0.0304219823356231
"1,958.12",53.49,0.0188571428571429
"1,959.01",55.62,0.04
"1,959.02",54.77,-0.02
"1,959.03",56.16,0.03
"1,959.04",57.1,0.0167378917378918
"1,959.05",57.96,0.0150612959719789
"1,959.06",57.46,-0.01
"1,959.07",59.74,0.04
"1,959.08",59.4,-0.00569132909273529
"1,959.09",57.05,-0.0395622895622896
"1,959.1",57,-0.00
"1,959.11",57.23,0.00
"1,959.12",59.06,0.03
"1,960.01",58.03,-0.02
"1,960.02",55.78,-0.04
"1,960.03",55.02,-0.01
"1,960.04",55.73,0.01
"1,960.05",55.22,-0.01
"1,960.06",57.26,0.04
"1,960.07",55.84,-0.02
"1,960.08",56.51,0.01
"1,960.09",54.81,-0.03
"1,960.1",53.73,-0.02
"1,960.11",55.47,0.03
"1,960.12",56.8,0.0239769244636741
"1,961.01",59.72,0.0514084507042254
"1,961.02",62.17,0.04
"1,961.03",64.12,0.03
"1,961.04",65.83,0.03
"1,961.05",66.5,0.0101777305180009
"1,961.06",65.62,-0.0132330827067668
"1,961.07",65.44,-0.00
"1,961.08",67.79,0.04
"1,961.09",67.26,-0.01
"1,961.1",68,0.01
"1,961.11",71.08,0.05
"1,961.12",71.74,0.01
"1,962.01",69.07,-0.04
"1,962.02",70.22,0.02
"1,962.03",70.29,0.00
"1,962.04",68.05,-0.03
"1,962.05",62.99,-0.07
"1,962.06",55.63,-0.12
"1,962.07",56.97,0.02
"1,962.08",58.52,0.03
"1,962.09",58,-0.01
"1,962.1",56.17,-0.03
"1,962.11",60.04,0.07
"1,962.12",62.64,0.04
"1,963.01",65.06,0.04
"1,963.02",65.92,0.01
"1,963.03",65.67,-0.00
"1,963.04",68.76,0.05
"1,963.05",70.14,0.02
"1,963.06",70.11,-0.00
"1,963.07",69.07,-0.01
"1,963.08",70.98,0.03
"1,963.09",72.85,0.03
"1,963.1",73.03,0.00
"1,963.11",72.62,-0.01
"1,963.12",74.17,0.02
"1,964.01",76.45,0.03
"1,964.02",77.39,0.01
"1,964.03",78.8,0.0182194081922729
"1,964.04",79.94,0.0144670050761422
"1,964.05",80.72,0.01
"1,964.06",80.24,-0.01
"1,964.07",83.22,0.04
"1,964.08",82,-0.01
"1,964.09",83.41,0.02
"1,964.1",84.85,0.02
"1,964.11",85.44,0.01
"1,964.12",83.96,-0.02
"1,965.01",86.12,0.03
"1,965.02",86.75,0.01
"1,965.03",86.83,0.00
"1,965.04",87.97,0.01
"1,965.05",89.28,0.01
"1,965.06",85.04,-0.05
"1,965.07",84.91,-0.00
"1,965.08",86.49,0.02
"1,965.09",89.38,0.03
"1,965.1",91.39,0.02
"1,965.11",92.15,0.01
"1,965.12",91.73,-0.00
"1,966.01",93.32,0.02
"1,966.02",92.69,-0.01
"1,966.03",88.88,-0.04
"1,966.04",91.6,0.0306030603060305
"1,966.05",86.78,-0.0526200873362445
"1,966.06",86.06,-0.01
"1,966.07",85.84,-0.00
"1,966.08",80.65,-0.06
"1,966.09",77.81,-0.04
"1,966.1",77.13,-0.01
"1,966.11",80.99,0.05
"1,966.12",81.33,0.00
"1,967.01",84.45,0.04
"1,967.02",87.36,0.03
"1,967.03",89.42,0.02
"1,967.04",90.96,0.02
"1,967.05",92.59,0.02
"1,967.06",91.43,-0.01
"1,967.07",93.01,0.02
"1,967.08",94.49,0.02
"1,967.09",95.81,0.01
"1,967.1",95.66,-0.00
"1,967.11",92.66,-0.03
"1,967.12",95.3,0.028491258363911
"1,968.01",95.04,-0.00272822665267569
"1,968.02",90.75,-0.05
"1,968.03",89.09,-0.02
"1,968.04",95.67,0.07
"1,968.05",97.87,0.02
"1,968.06",100.5,0.0268723817308674
"1,968.07",100.3,-0.0
"1,968.08",98.11,-0.0218344965104685
"1,968.09",101.3,0.0325145245133014
"1,968.1",103.8,0.0
"1,968.11",105.4,0.0
"1,968.12",106.5,0.0
"1,969.01",102,-0.0
"1,969.02",101.5,-0.0
"1,969.03",99.3,-0.0
"1,969.04",101.3,0.0
"1,969.05",104.6,0.0
"1,969.06",99.14,-0.0521988527724665
"1,969.07",94.71,-0.04
"1,969.08",94.18,-0.01
"1,969.09",94.51,0.00
"1,969.1",95.52,0.01
"1,969.11",96.21,0.01
"1,969.12",91.11,-0.05
"1,970.01",90.31,-0.01
"1,970.02",87.16,-0.03
"1,970.03",88.65,0.02
"1,970.04",85.95,-0.03
"1,970.05",76.06,-0.12
"1,970.06",75.59,-0.01
"1,970.07",75.72,0.00
"1,970.08",77.92,0.03
"1,970.09",82.58,0.06
"1,970.1",84.37,0.02
"1,970.11",84.28,-0.00
"1,970.12",90.05,0.07
"1,971.01",93.49,0.04
"1,971.02",97.11,0.04
"1,971.03",99.6,0.0256410256410255
"1,971.04",103,0.0
"1,971.05",101.6,-0.0
"1,971.06",99.72,-0.018503937007874
"1,971.07",99,-0.01
"1,971.08",97.24,-0.02
"1,971.09",99.4,0.0222130810366106
"1,971.1",97.29,-0.0212273641851106
"1,971.11",92.78,-0.05
"1,971.12",99.17,0.07
"1,972.01",103.3,0.0416456589694463
"1,972.02",105.2,0.0
"1,972.03",107.7,0.0
"1,972.04",108.8,0.0
"1,972.05",107.7,-0.0
"1,972.06",108,0.0
"1,972.07",107.2,-0.0
"1,972.08",111,0.0
"1,972.09",109.4,-0.0
"1,972.1",109.6,0.0
"1,972.11",115.1,0.1
"1,972.12",117.5,0.0
"1,973.01",118.4,0.0
"1,973.02",114.2,-0.0
"1,973.03",112.4,-0.0
"1,973.04",110.3,-0.0
"1,973.05",107.2,-0.0
"1,973.06",104.8,-0.0
"1,973.07",105.8,0.0
"1,973.08",103.8,-0.0
"1,973.09",105.6,0.0
"1,973.1",109.8,0.0
"1,973.11",102,-0.1
"1,973.12",94.78,-0.07
"1,974.01",96.11,0.01
"1,974.02",93.45,-0.03
"1,974.03",97.44,0.04
"1,974.04",92.46,-0.05
"1,974.05",89.67,-0.03
"1,974.06",89.79,0.00
"1,974.07",79.31,-0.12
"1,974.08",76.03,-0.04
"1,974.09",68.12,-0.10
"1,974.1",69.44,0.02
"1,974.11",71.74,0.03
"1,974.12",67.07,-0.07
"1,975.01",72.56,0.08
"1,975.02",80.1,0.103914002205072
"1,975.03",83.78,0.0459425717852684
"1,975.04",84.72,0.01
"1,975.05",90.1,0.0635033050047213
"1,975.06",92.4,0.0
"1,975.07",92.49,0.000974025974025849
"1,975.08",85.71,-0.07
"1,975.09",84.67,-0.01
"1,975.1",88.57,0.05
"1,975.11",90.07,0.02
"1,975.12",88.7,-0.0152103919173975
"1,976.01",96.86,0.0919954904171363
"1,976.02",100.6,0.0386124303117901
"1,976.03",101.1,0.0
"1,976.04",101.9,0.0
"1,976.05",101.2,-0.0
"1,976.06",101.8,0.0
"1,976.07",104.2,0.0
"1,976.08",103.3,-0.0
"1,976.09",105.5,0.0
"1,976.1",101.9,-0.0
"1,976.11",101.2,-0.0
"1,976.12",104.7,0.0
"1,977.01",103.8,-0.0
"1,977.02",101,-0.0
"1,977.03",100.6,-0.0
"1,977.04",99.05,-0.0154075546719682
"1,977.05",98.76,-0.00
"1,977.06",99.29,0.01
"1,977.07",100.2,0.00916507201128014
"1,977.08",97.75,-0.0244510978043913
"1,977.09",96.23,-0.02
"1,977.1",93.74,-0.03
"1,977.11",94.28,0.01
"1,977.12",93.82,-0.00
"1,978.01",90.25,-0.04
"1,978.02",88.98,-0.01
"1,978.03",88.82,-0.00
"1,978.04",92.71,0.04
"1,978.05",97.41,0.05
"1,978.06",97.66,0.00
"1,978.07",97.19,-0.00
"1,978.08",103.9,0.0690400246938987
"1,978.09",103.9,0.0
"1,978.1",100.6,-0.0
"1,978.11",94.71,-0.0585487077534791
"1,978.12",96.11,0.01
"1,979.01",99.71,0.04
"1,979.02",98.23,-0.01
"1,979.03",100.1,0.0190369540873458
"1,979.04",102.1,0.0
"1,979.05",99.73,-0.0232125367286973
"1,979.06",101.7,0.0197533340018048
"1,979.07",102.7,0.0
"1,979.08",107.4,0.0
"1,979.09",108.6,0.0
"1,979.1",104.5,-0.0
"1,979.11",103.7,-0.0
"1,979.12",107.8,0.0
"1,980.01",110.9,0.0
"1,980.02",115.3,0.0
"1,980.03",104.7,-0.1
"1,980.04",103,-0.0
"1,980.05",107.7,0.0
"1,980.06",114.6,0.1
"1,980.07",119.8,0.0
"1,980.08",123.5,0.0
"1,980.09",126.5,0.0
"1,980.1",130.2,0.0
"1,980.11",135.7,0.0
"1,980.12",133.5,-0.0
"1,981.01",133,-0.0
"1,981.02",128.4,-0.0
"1,981.03",133.2,0.0
"1,981.04",134.4,0.0
"1,981.05",131.7,-0.0
"1,981.06",132.3,0.0
"1,981.07",129.1,-0.0
"1,981.08",129.6,0.0
"1,981.09",118.3,-0.1
"1,981.1",119.8,0.0
"1,981.11",122.9,0.0
"1,981.12",123.8,0.0
"1,982.01",117.3,-0.1
"1,982.02",114.5,-0.0
"1,982.03",110.8,-0.0
"1,982.04",116.3,0.0
"1,982.05",116.4,0.0
"1,982.06",109.7,-0.1
"1,982.07",109.4,-0.0
"1,982.08",109.7,0.0
"1,982.09",122.4,0.1
"1,982.1",132.7,0.1
"1,982.11",138.1,0.0
"1,982.12",139.4,0.0
"1,983.01",144.3,0.0
"1,983.02",146.8,0.0
"1,983.03",151.9,0.0
"1,983.04",157.7,0.0
"1,983.05",164.1,0.0
"1,983.06",166.4,0.0
"1,983.07",167,0.0
"1,983.08",162.4,-0.0
"1,983.09",167.2,0.0
"1,983.1",167.7,0.0
"1,983.11",165.2,-0.0
"1,983.12",164.4,-0.0
"1,984.01",166.4,0.0
"1,984.02",157.3,-0.1
"1,984.03",157.4,0.0
"1,984.04",157.6,0.0
"1,984.05",156.6,-0.0
"1,984.06",153.1,-0.0
"1,984.07",151.1,-0.0
"1,984.08",164.4,0.1
"1,984.09",166.1,0.0
"1,984.1",164.8,-0.0
"1,984.11",166.3,0.0
"1,984.12",164.5,-0.0
"1,985.01",171.6,0.0
"1,985.02",180.9,0.1
"1,985.03",179.4,-0.0
"1,985.04",180.6,0.0
"1,985.05",184.9,0.0
"1,985.06",188.9,0.0
"1,985.07",192.5,0.0
"1,985.08",188.3,-0.0
"1,985.09",184.1,-0.0
"1,985.1",186.2,0.0
"1,985.11",197.5,0.1
"1,985.12",207.3,0.0
"1,986.01",208.2,0.0
"1,986.02",219.4,0.1
"1,986.03",232.3,0.1
"1,986.04",238,0.0
"1,986.05",238.5,0.0
"1,986.06",245.3,0.0
"1,986.07",240.2,-0.0
"1,986.08",245,0.0
"1,986.09",238.3,-0.0
"1,986.1",237.4,-0.0
"1,986.11",245.1,0.0
"1,986.12",248.6,0.0
"1,987.01",264.5,0.1
"1,987.02",280.9,0.1
"1,987.03",292.5,0.0
"1,987.04",289.3,-0.0
"1,987.05",289.1,-0.0
"1,987.06",301.4,0.0
"1,987.07",310.1,0.0
"1,987.08",329.4,0.1
"1,987.09",318.7,-0.0
"1,987.1",280.2,-0.1
"1,987.11",245,-0.1
"1,987.12",241,-0.0163265306122449
"1,988.01",250.5,0.0
"1,988.02",258.1,0.0
"1,988.03",265.7,0.0
"1,988.04",262.6,-0.0
"1,988.05",256.1,-0.0
"1,988.06",270.7,0.1
"1,988.07",269.1,-0.0
"1,988.08",263.7,-0.0
"1,988.09",268,0.0
"1,988.1",277.4,0.0
"1,988.11",271,-0.0
"1,988.12",276.5,0.0
"1,989.01",285.4,0.0
"1,989.02",294,0.0
"1,989.03",292.7,-0.0
"1,989.04",302.3,0.0
"1,989.05",313.9,0.0
"1,989.06",323.7,0.0
"1,989.07",331.9,0.0
"1,989.08",346.6,0.0
"1,989.09",347.3,0.0
"1,989.1",347.4,0.0
"1,989.11",340.2,-0.0
"1,989.12",348.6,0.0
"1,990.01",339.97,-0.0247561675272518
"1,990.02",330.45,-0.03
"1,990.03",338.46,0.02
"1,990.04",338.18,-0.00
"1,990.05",350.25,0.04
"1,990.06",360.39,0.03
"1,990.07",360.03,-0.00
"1,990.08",330.75,-0.08
"1,990.09",315.41,-0.05
"1,990.1",307.12,-0.03
"1,990.11",315.29,0.03
"1,990.12",328.75,0.04
"1,991.01",325.49,-0.01
"1,991.02",362.26,0.11
"1,991.03",372.28,0.03
"1,991.04",379.68,0.02
"1,991.05",377.99,-0.00
"1,991.06",378.29,0.00
"1,991.07",380.23,0.01
"1,991.08",389.4,0.024116981826789
"1,991.09",387.2,-0.0
"1,991.1",386.88,-0.000826446280991711
"1,991.11",385.92,-0.00
"1,991.12",388.51,0.01
"1,992.01",416.08,0.07
"1,992.02",412.56,-0.01
"1,992.03",407.36,-0.01
"1,992.04",407.41,0.00
"1,992.05",414.81,0.02
"1,992.06",408.27,-0.02
"1,992.07",415.05,0.02
"1,992.08",417.93,0.01
"1,992.09",418.48,0.00
"1,992.1",412.5,-0.0142898107436437
"1,992.11",422.84,0.0250666666666666
"1,992.12",435.64,0.03
"1,993.01",435.23,-0.00
"1,993.02",441.7,0.0148657031914159
"1,993.03",450.16,0.0191532714512113
"1,993.04",443.08,-0.02
"1,993.05",445.25,0.00
"1,993.06",448.06,0.01
"1,993.07",447.29,-0.00
"1,993.08",454.13,0.02
"1,993.09",459.24,0.01
"1,993.1",463.9,0.0101471997212785
"1,993.11",462.89,-0.00217719336063804
"1,993.12",465.95,0.01
"1,994.01",472.99,0.02
"1,994.02",471.58,-0.00
"1,994.03",463.81,-0.02
"1,994.04",447.23,-0.04
"1,994.05",450.9,0.00820606846589
"1,994.06",454.83,0.00871590153027291
"1,994.07",451.4,-0.00754127915924629
"1,994.08",464.24,0.0284448382809039
"1,994.09",466.96,0.01
"1,994.1",463.81,-0.01
"1,994.11",461.01,-0.01
"1,994.12",455.19,-0.01
"1,995.01",465.25,0.02
"1,995.02",481.92,0.04
"1,995.03",493.15,0.02
"1,995.04",507.91,0.03
"1,995.05",523.81,0.03
"1,995.06",539.35,0.03
"1,995.07",557.37,0.03
"1,995.08",559.11,0.00
"1,995.09",578.77,0.04
"1,995.1",582.92,0.01
"1,995.11",595.53,0.02
"1,995.12",614.57,0.03
"1,996.01",614.42,-0.00
"1,996.02",649.54,0.06
"1,996.03",647.07,-0.00
"1,996.04",647.17,0.00
"1,996.05",661.23,0.02
"1,996.06",668.5,0.0109946614642409
"1,996.07",644.07,-0.036544502617801
"1,996.08",662.68,0.03
"1,996.09",674.88,0.02
"1,996.1",701.46,0.04
"1,996.11",735.67,0.05
"1,996.12",743.25,0.01
"1,997.01",766.22,0.03
"1,997.02",798.39,0.04
"1,997.03",792.16,-0.01
"1,997.04",763.93,-0.04
"1,997.05",833.09,0.09
"1,997.06",876.29,0.05
"1,997.07",925.29,0.06
"1,997.08",927.24,0.00
"1,997.09",937.02,0.01
"1,997.1",951.16,0.02
"1,997.11",938.92,-0.01
"1,997.12",962.37,0.02
"1,998.01",963.36,0.00
"1,998.02","1,023.74",0.06
"1,998.03","1,076.83",0.05
"1,998.04","1,112.2",0.0328464102968899
"1,998.05","1,108.42",-0.00339866930408195
"1,998.06","1,108.39",-0.00
"1,998.07","1,156.58",0.04
"1,998.08","1,074.62",-0.07
"1,998.09","1,020.64",-0.05
"1,998.1","1,032.47",0.01
"1,998.11","1,144.43",0.11
"1,998.12","1,190.05",0.04
"1,999.01","1,248.77",0.05
"1,999.02","1,246.58",-0.00
"1,999.03","1,281.66",0.03
"1,999.04","1,334.76",0.04
"1,999.05","1,332.07",-0.00
"1,999.06","1,322.55",-0.01
"1,999.07","1,380.99",0.04
"1,999.08","1,327.49",-0.04
"1,999.09","1,318.17",-0.01
"1,999.1","1,300.01",-0.01
"1,999.11",1391,0.07
"1,999.12","1,428.68",0.03
"2,000.01","1,425.59",-0.00
"2,000.02","1,388.87",-0.03
"2,000.03","1,442.21",0.04
"2,000.04","1,461.36",0.01
"2,000.05","1,418.48",-0.03
"2,000.06","1,461.96",0.03
"2,000.07",1473,0.01
"2,000.08","1,485.46",0.01
"2,000.09","1,468.05",-0.01
"2,000.1","1,390.14",-0.05
"2,000.11","1,378.04",-0.01
"2,000.12","1,330.93",-0.03
"2,001.01","1,335.63",0.00
"2,001.02","1,305.75",-0.02
"2,001.03","1,185.85",-0.09
"2,001.04","1,189.84",0.00
"2,001.05","1,270.37",0.07
"2,001.06","1,238.71",-0.02
"2,001.07","1,204.45",-0.03
"2,001.08","1,178.5",-0.0215451035742455
"2,001.09","1,044.64",-0.113585065761561
"2,001.1","1,076.59",0.03
"2,001.11","1,129.68",0.05
"2,001.12","1,144.93",0.01
"2,002.01","1,140.21",-0.00
"2,002.02","1,100.67",-0.03
"2,002.03","1,153.79",0.05
"2,002.04","1,111.93",-0.04
"2,002.05","1,079.25",-0.03
"2,002.06","1,014.02",-0.06
"2,002.07",903.59,-0.11
"2,002.08",912.55,0.01
"2,002.09",867.81,-0.05
"2,002.1",854.63,-0.02
"2,002.11",909.93,0.06
"2,002.12",899.18,-0.01
"2,003.01",895.84,-0.00
"2,003.02",837.03,-0.07
"2,003.03",846.63,0.01
"2,003.04",890.03,0.05
"2,003.05",935.96,0.05
"2,003.06",988,0.06
"2,003.07",992.54,0.00
"2,003.08",989.53,-0.00
"2,003.09","1,019.44",0.03
"2,003.1","1,038.73",0.02
"2,003.11","1,049.9",0.0107535163131902
"2,003.12","1,080.64",0.0292789789503762
"2,004.01","1,132.52",0.05
"2,004.02","1,143.36",0.01
"2,004.03","1,123.98",-0.02
"2,004.04","1,133.36",0.01
"2,004.05","1,102.78",-0.03
"2,004.06","1,132.76",0.03
"2,004.07","1,105.85",-0.02
"2,004.08","1,088.94",-0.02
"2,004.09","1,117.66",0.03
"2,004.1","1,117.21",-0.00
"2,004.11","1,168.94",0.05
"2,004.12","1,199.21",0.03
"2,005.01","1,181.41",-0.01
"2,005.02","1,199.63",0.02
"2,005.03","1,194.9",-0.00394288238873652
"2,005.04","1,164.43",-0.0255000418445058
"2,005.05","1,178.28",0.01
"2,005.06","1,202.25",0.02
"2,005.07","1,222.24",0.02
"2,005.08","1,224.27",0.00
"2,005.09","1,225.92",0.00
"2,005.1","1,191.96",-0.03
"2,005.11","1,237.37",0.04
"2,005.12","1,262.07",0.02
"2,006.01","1,278.73",0.01
"2,006.02","1,276.65",-0.00
"2,006.03","1,293.74",0.01
"2,006.04","1,302.17",0.01
"2,006.05","1,290.01",-0.01
"2,006.06","1,253.17",-0.03
"2,006.07","1,260.24",0.01
"2,006.08","1,287.15",0.02
"2,006.09","1,317.74",0.02
"2,006.1","1,363.38",0.03
"2,006.11","1,388.64",0.02
"2,006.12","1,416.42",0.02
"2,007.01","1,424.16",0.01
"2,007.02","1,444.8",0.0144927536231882
"2,007.03","1,406.95",-0.0261973975636766
"2,007.04","1,463.64",0.04
"2,007.05","1,511.14",0.03
"2,007.06","1,514.19",0.00
"2,007.07","1,520.71",0.00
"2,007.08","1,454.62",-0.04
"2,007.09","1,497.12",0.03
"2,007.1","1,539.66",0.03
"2,007.11","1,463.39",-0.05
"2,007.12","1,479.22",0.01
"2,008.01","1,378.76",-0.07
"2,008.02","1,354.87",-0.02
"2,008.03","1,316.94",-0.03
"2,008.04","1,370.47",0.04
"2,008.05","1,403.22",0.02
"2,008.06","1,341.25",-0.04
"2,008.07","1,257.33",-0.06
"2,008.08","1,281.47",0.02
"2,008.09","1,216.95",-0.05
"2,008.1",968.8,-0.203911417888985
"2,008.11",883.04,-0.0885218827415359
"2,008.12",877.56,-0.01
"2,009.01",865.58,-0.01
"2,009.02",805.23,-0.07
"2,009.03",757.13,-0.06
"2,009.04",848.15,0.12
"2,009.05",902.41,0.06
"2,009.06",926.12,0.03
"2,009.07",935.82,0.01
"2,009.08","1,009.73",0.08
"2,009.09","1,044.55",0.03
"2,009.1","1,067.66",0.02
"2,009.11","1,088.07",0.02
"2,009.12","1,110.38",0.02
"2,010.01","1,123.58",0.01
"2,010.02","1,089.16",-0.03
"2,010.03","1,152.05",0.06
"2,010.04","1,197.32",0.04
"2,010.05","1,125.06",-0.06
"2,010.06","1,083.36",-0.04
"2,010.07","1,079.8",-0.00328607295820404
"2,010.08","1,087.28",0.00692720874235975
"2,010.09","1,122.08",0.03
"2,010.1","1,171.58",0.04
"2,010.11","1,198.89",0.02
"2,010.12","1,241.53",0.04
"2,011.01","1,282.62",0.03
"2,011.02","1,321.12",0.03
"2,011.03","1,304.49",-0.01
"2,011.04","1,331.51",0.02
"2,011.05","1,338.31",0.01
"2,011.06","1,287.29",-0.04
"2,011.07","1,325.19",0.03
"2,011.08","1,185.31",-0.11
"2,011.09","1,173.88",-0.01
"2,011.1","1,207.22",0.03
"2,011.11","1,226.42",0.02
"2,011.12","1,243.32",0.01
"2,012.01","1,300.58",0.05
"2,012.02","1,352.49",0.04
"2,012.03","1,389.24",0.03
"2,012.04","1,386.43",-0.00
"2,012.05","1,341.27",-0.03
"2,012.06","1,323.48",-0.01
"2,012.07","1,359.78",0.03
"2,012.08","1,403.45",0.03
"2,012.09","1,443.42",0.03
"2,012.1","1,437.82",-0.00
"2,012.11","1,394.51",-0.03
"2,012.12","1,422.29",0.02
"2,013.01","1,480.4",0.0408566466754319
"2,013.02","1,512.31",0.0215549851391514
"2,013.03","1,550.83",0.03
"2,013.04","1,570.7",0.01281249395485
"2,013.05","1,639.84",0.0440185904373844
"2,013.06","1,618.77",-0.01
"2,013.07","1,668.68",0.03
"2,013.08","1,670.09",0.00
"2,013.09","1,687.17",0.01
"2,013.1","1,720.03",0.02
"2,013.11","1,783.54",0.04
"2,013.12","1,807.78",0.01
"2,014.01","1,822.36",0.01
"2,014.02","1,817.04",-0.00
"2,014.03","1,866.4",0.0271650596574649